[
  {
    "apiKey": "51c47b6bde7dfbebfdb3aba31c19a8a7cd5ff79d50bb99bee41ee9406039e889",
    "name": "Salads",
    "items": [
      {
        "apiKey": "11091136",
        "name": "Grilled Chicken Salad",
        "description": "Grilled fajita chicken, lettuce, tomatoes, green peppers, a blend of mozzarella and cheddar cheeses.",
        "basePrice": 6.99
      },
      {
        "apiKey": "11091137",
        "name": "Buffalo Chicken Salad",
        "description": "Grilled fajita chicken tossed in mild or hot sauce, lettuce, green peppers, tomatoes and cheddar cheese.",
        "basePrice": 6.99
      },
      {
        "apiKey": "11091138",
        "name": "Chef Salad",
        "description": "Lettuce, tomatoes, green peppers, pepperoni, ham, a blend of mozzarella and cheddar cheese.",
        "basePrice": 6.99
      },
      {
        "apiKey": "11091139",
        "name": "Taco Salad",
        "description": "Layers of tortilla chips, shredded lettuce, sour cream, salsa and taco meat topped with cheddar cheese, tomatoes, black olives and more tortilla chips sprinkled on top.",
        "basePrice": 6.99
      },
      {
        "apiKey": "11091140",
        "name": "Side Salad",
        "description": "Lettuce, tomatoes, green peppers, a blend of mozzarella and cheddar cheese.",
        "basePrice": 3.49
      }
    ]
  },
  {
    "apiKey": "51c47b6bde7dfbebfdb3aba31c19a8a74fb829698de944cfe41ee9406039e889",
    "name": "Sandwiches",
    "items": [
      {
        "apiKey": "11091142",
        "name": "Grilled Chicken Breast Sandwich",
        "description": "Miracle Whip, lettuce and tomato.",
        "basePrice": 7.99
      },
      {
        "apiKey": "11091145",
        "name": "Steak and Cheese Sandwich",
        "description": "Italian sub bun, strips of steak blended with green peppers and onions, cheese blend, jalapeno cheddar, Miracle Whip, lettuce and tomato.",
        "basePrice": 7.99
      }
    ]
  },
  {
    "apiKey": "51c47b6bde7dfbebfdb3aba31c19a8a776fa3c1e7196bb83e41ee9406039e889",
    "name": "Wings",
    "items": [
      {
        "apiKey": "11091146",
        "name": "Wings - 10 Pieces",
        "description": "Choice of 10 pieces, 20 pieces, or 30 pieces.",
        "basePrice": 8.99
      },
      {
        "apiKey": "11091147",
        "name": "Wings - 20 Pieces",
        "description": "Choice of 10 pieces, 20 pieces, or 30 pieces.",
        "basePrice": 16.99
      },
      {
        "apiKey": "11091148",
        "name": "Wings - 30 Pieces",
        "description": "Choice of 10 pieces, 20 pieces, or 30 pieces.",
        "basePrice": 24.99
      }
    ]
  },
  {
    "apiKey": "51c47b6bde7dfbebfdb3aba31c19a8a746493a728b88a988e41ee9406039e889",
    "name": "Oven Baked Subs",
    "items": [
      {
        "apiKey": "11091151",
        "name": "American Sub - 6\"",
        "description": "Ham, salami, bologna, mozzarella cheese, lettuce, tomatoes, onions and special sauce. Choice of 6\" or 12\".",
        "basePrice": 5.99
      },
      {
        "apiKey": "11091152",
        "name": "American Sub - 12\"",
        "description": "Ham, salami, bologna, mozzarella cheese, lettuce, tomatoes, onions and special sauce. Choice of 6\" or 12\".",
        "basePrice": 7.99
      },
      {
        "apiKey": "11091153",
        "name": "BLT Sub - 6\"",
        "description": "Bacon, lettuce, tomatoes and Miracle Whip. Choice of 6\" or 12\".",
        "basePrice": 5.99
      },
      {
        "apiKey": "11091154",
        "name": "BLT Sub - 12\"",
        "description": "Bacon, lettuce, tomatoes and Miracle Whip. Choice of 6\" or 12\".",
        "basePrice": 7.99
      },
      {
        "apiKey": "11091155",
        "name": "Buffalo Chicken - 6\"",
        "description": "Seasoned chicken tossed in mild or hot sauce, topped with lettuce, tomatoes, mozzarella and cheddar cheese and ranch dressing. Choice of 6\" or 12\".",
        "basePrice": 5.99
      },
      {
        "apiKey": "11091156",
        "name": "Buffalo Chicken - 12\"",
        "description": "Seasoned chicken tossed in mild or hot sauce, topped with lettuce, tomatoes, mozzarella and cheddar cheese and ranch dressing. Choice of 6\" or 12\".",
        "basePrice": 7.99
      },
      {
        "apiKey": "11091158",
        "name": "Chicken Bacon Ranch Sub - 6\"",
        "description": "Seasoned chicken, chunks of bacon, mozzarella cheese and ranch dressing. Choice of 6\" or 12\".",
        "basePrice": 5.99
      },
      {
        "apiKey": "11091160",
        "name": "Chicken Bacon Ranch Sub - 12\"",
        "description": "Seasoned chicken, chunks of bacon, mozzarella cheese and ranch dressing. Choice of 6\" or 12\".",
        "basePrice": 7.99
      },
      {
        "apiKey": "11091162",
        "name": "Ham and Cheese Sub - 6\"",
        "description": "Ham, mozzarella cheese, lettuce, tomatoes and Miracle Whip. Choice of 6\" or 12\".",
        "basePrice": 5.99
      },
      {
        "apiKey": "11091164",
        "name": "Ham and Cheese Sub - 12\"",
        "description": "Ham, mozzarella cheese, lettuce, tomatoes and Miracle Whip. Choice of 6\" or 12\".",
        "basePrice": 7.99
      },
      {
        "apiKey": "11091166",
        "name": "Spicy Steak Sub - 6\"",
        "description": "Strips of steak blended with green peppers and onions, lettuce, tomatoes and miracle whip. Choice of 6\" or 12\".",
        "basePrice": 5.99
      },
      {
        "apiKey": "11091167",
        "name": "Spicy Steak Sub - 12\"",
        "description": "Strips of steak blended with green peppers and onions, lettuce, tomatoes and miracle whip. Choice of 6\" or 12\".",
        "basePrice": 7.99
      },
      {
        "apiKey": "11091169",
        "name": "Deluxe Sub - 6\"",
        "description": "Pepperoni, mushrooms, sausage, onions, green peppers, green olives, mild banana peppers with pizza sauce and mozzarella cheese. Choice of 6\" or 12\".",
        "basePrice": 5.99
      },
      {
        "apiKey": "11091170",
        "name": "Deluxe Sub - 12\"",
        "description": "Pepperoni, mushrooms, sausage, onions, green peppers, green olives, mild banana peppers with pizza sauce and mozzarella cheese. Choice of 6\" or 12\".",
        "basePrice": 7.99
      },
      {
        "apiKey": "11091173",
        "name": "Italian Sub - 6\"",
        "description": "Ham, salami, pepperoni, mozzarella cheese, lettuce, tomatoes, onions and Italian dressing. Choice of 6\" or 12\".",
        "basePrice": 5.99
      },
      {
        "apiKey": "11091175",
        "name": "Italian Sub - 12\"",
        "description": "Ham, salami, pepperoni, mozzarella cheese, lettuce, tomatoes, onions and Italian dressing. Choice of 6\" or 12\".",
        "basePrice": 7.99
      },
      {
        "apiKey": "11091176",
        "name": "Meatball Sub - 6\"",
        "description": "Meatballs, pizza sauce and mozzarella cheese. Choice of 6\" or 12\".",
        "basePrice": 5.99
      },
      {
        "apiKey": "11091177",
        "name": "Meatball Sub - 12\"",
        "description": "Meatballs, pizza sauce and mozzarella cheese. Choice of 6\" or 12\".",
        "basePrice": 7.99
      },
      {
        "apiKey": "11091179",
        "name": "Pizza Sub - 6\"",
        "description": "2 pizza toppings, pizza sauce and mozzarella cheese. Choice of 6\" or 12\".",
        "basePrice": 5.99
      },
      {
        "apiKey": "11091180",
        "name": "Pizza Sub - 12\"",
        "description": "2 pizza toppings, pizza sauce and mozzarella cheese. Choice of 6\" or 12\".",
        "basePrice": 7.99
      },
      {
        "apiKey": "11091182",
        "name": "7 Layer Veggie Sub - 6\"",
        "description": "Mushrooms, onions, tomatoes, green peppers, green olives and black olives, mild banana peppers with pizza sauce and mozzarella cheese. Choice of 6\" or 12\".",
        "basePrice": 5.99
      },
      {
        "apiKey": "11091184",
        "name": "7 Layer Veggie Sub - 12\"",
        "description": "Mushrooms, onions, tomatoes, green peppers, green olives and black olives, mild banana peppers with pizza sauce and mozzarella cheese. Choice of 6\" or 12\".",
        "basePrice": 7.99
      }
    ]
  },
  {
    "apiKey": "51c47b6bde7dfbebfdb3aba31c19a8a7aa996447dfd778e8e41ee9406039e889",
    "name": "Pizza",
    "items": [
      {
        "apiKey": "11091188",
        "name": "Flash-Pan 6\" Cheese Pizza",
        "basePrice": 3.99
      },
      {
        "apiKey": "11091189",
        "name": "Small 9\" Cheese Pizza",
        "basePrice": 7.99
      },
      {
        "apiKey": "11091191",
        "name": "Medium 12\" Cheese Pizza",
        "basePrice": 9.99
      },
      {
        "apiKey": "11091194",
        "name": "Large 14\" Cheese Pizza",
        "basePrice": 11.99
      },
      {
        "apiKey": "11091196",
        "name": "Extra Large 16\" Cheese Pizza",
        "basePrice": 14.99
      },
      {
        "apiKey": "11091198",
        "name": "Square Cheese Pizza",
        "basePrice": 15.99
      },
      {
        "apiKey": "11091200",
        "name": "Authentic Chicago Style Cheese Pizza",
        "basePrice": 12.99
      },
      {
        "apiKey": "11091202",
        "name": "Loaded Crust Cheese Pizza - Medium",
        "description": "Choice of medium or large.",
        "basePrice": 11.99
      },
      {
        "apiKey": "11091205",
        "name": "Loaded Crust Cheese Pizza - Large",
        "description": "Choice of medium or large.",
        "basePrice": 14.99
      }
    ]
  },
  {
    "apiKey": "51c47b6bde7dfbebfdb3aba31c19a8a7427dc6e4208e6ac4e41ee9406039e889",
    "name": "Specialty Pizza",
    "items": [
      {
        "apiKey": "11091211",
        "name": "Taco Pizza - 6\" Flash Pan Pizza",
        "description": "Salsa and taco styled beef or chicken topped with crisp lettuce, tomatoes, onions, black olives, sour cream, a blend of mozzarella and cheddar cheese. Choice of 6\" flash pan pizza, 9\" small pizza, 12\" medium pizza, 14\" large pizza, 16\" extra large pizza, 16\" square pizza, 12\" authentic chicago style pizza, 12\" loaded crust medium pizza, or 14\" loaded crust pizza.",
        "basePrice": 6.99
      },
      {
        "apiKey": "11091213",
        "name": "Taco Pizza - 9\" Small Pizza",
        "description": "Salsa and taco styled beef or chicken topped with crisp lettuce, tomatoes, onions, black olives, sour cream, a blend of mozzarella and cheddar cheese. Choice of 6\" flash pan pizza, 9\" small pizza, 12\" medium pizza, 14\" large pizza, 16\" extra large pizza, 16\" square pizza, 12\" authentic chicago style pizza, 12\" loaded crust medium pizza, or 14\" loaded crust pizza.",
        "basePrice": 10.99
      },
      {
        "apiKey": "11091215",
        "name": "Taco Pizza - 12\" Medium Pizza",
        "description": "Salsa and taco styled beef or chicken topped with crisp lettuce, tomatoes, onions, black olives, sour cream, a blend of mozzarella and cheddar cheese. Choice of 6\" flash pan pizza, 9\" small pizza, 12\" medium pizza, 14\" large pizza, 16\" extra large pizza, 16\" square pizza, 12\" authentic chicago style pizza, 12\" loaded crust medium pizza, or 14\" loaded crust pizza.",
        "basePrice": 13.99
      },
      {
        "apiKey": "11091217",
        "name": "Taco Pizza - 14\" Large Pizza",
        "description": "Salsa and taco styled beef or chicken topped with crisp lettuce, tomatoes, onions, black olives, sour cream, a blend of mozzarella and cheddar cheese. Choice of 6\" flash pan pizza, 9\" small pizza, 12\" medium pizza, 14\" large pizza, 16\" extra large pizza, 16\" square pizza, 12\" authentic chicago style pizza, 12\" loaded crust medium pizza, or 14\" loaded crust pizza.",
        "basePrice": 16.99
      },
      {
        "apiKey": "11091218",
        "name": "Taco Pizza - 16\" Extra Large Pizza",
        "description": "Salsa and taco styled beef or chicken topped with crisp lettuce, tomatoes, onions, black olives, sour cream, a blend of mozzarella and cheddar cheese. Choice of 6\" flash pan pizza, 9\" small pizza, 12\" medium pizza, 14\" large pizza, 16\" extra large pizza, 16\" square pizza, 12\" authentic chicago style pizza, 12\" loaded crust medium pizza, or 14\" loaded crust pizza.",
        "basePrice": 19.99
      },
      {
        "apiKey": "11091220",
        "name": "Taco Pizza - 16\" Square Pizza",
        "description": "Salsa and taco styled beef or chicken topped with crisp lettuce, tomatoes, onions, black olives, sour cream, a blend of mozzarella and cheddar cheese. Choice of 6\" flash pan pizza, 9\" small pizza, 12\" medium pizza, 14\" large pizza, 16\" extra large pizza, 16\" square pizza, 12\" authentic chicago style pizza, 12\" loaded crust medium pizza, or 14\" loaded crust pizza.",
        "basePrice": 21.99
      },
      {
        "apiKey": "11091222",
        "name": "Taco Pizza - 12\" Authentic Chicago Style Pizza",
        "description": "Salsa and taco styled beef or chicken topped with crisp lettuce, tomatoes, onions, black olives, sour cream, a blend of mozzarella and cheddar cheese. Choice of 6\" flash pan pizza, 9\" small pizza, 12\" medium pizza, 14\" large pizza, 16\" extra large pizza, 16\" square pizza, 12\" authentic chicago style pizza, 12\" loaded crust medium pizza, or 14\" loaded crust pizza.",
        "basePrice": 16.99
      },
      {
        "apiKey": "11091223",
        "name": "Taco Pizza - 12\" Loaded Crust Medium Pizza",
        "description": "Salsa and taco styled beef or chicken topped with crisp lettuce, tomatoes, onions, black olives, sour cream, a blend of mozzarella and cheddar cheese. Choice of 6\" flash pan pizza, 9\" small pizza, 12\" medium pizza, 14\" large pizza, 16\" extra large pizza, 16\" square pizza, 12\" authentic chicago style pizza, 12\" loaded crust medium pizza, or 14\" loaded crust pizza.",
        "basePrice": 15.99
      },
      {
        "apiKey": "11091226",
        "name": "Taco Pizza - 14\" Loaded Crust Pizza",
        "description": "Salsa and taco styled beef or chicken topped with crisp lettuce, tomatoes, onions, black olives, sour cream, a blend of mozzarella and cheddar cheese. Choice of 6\" flash pan pizza, 9\" small pizza, 12\" medium pizza, 14\" large pizza, 16\" extra large pizza, 16\" square pizza, 12\" authentic chicago style pizza, 12\" loaded crust medium pizza, or 14\" loaded crust pizza.",
        "basePrice": 19.99
      },
      {
        "apiKey": "11091232",
        "name": "BBQ Chicken Pizza - 6\" Flash Pan Pizza",
        "description": "BBQ sauce, chicken and pineapple. Choice of 6\" flash pan pizza, 9\" small pizza, 12\" medium pizza, 14\" large pizza, 16\" extra large pizza, 16\" square pizza, 12\" authentic chicago style pizza, 12\" loaded crust medium pizza, or 14\" loaded crust pizza.",
        "basePrice": 6.99
      },
      {
        "apiKey": "11091234",
        "name": "BBQ Chicken Pizza - 9\" Small Pizza",
        "description": "BBQ sauce, chicken and pineapple. Choice of 6\" flash pan pizza, 9\" small pizza, 12\" medium pizza, 14\" large pizza, 16\" extra large pizza, 16\" square pizza, 12\" authentic chicago style pizza, 12\" loaded crust medium pizza, or 14\" loaded crust pizza.",
        "basePrice": 10.99
      },
      {
        "apiKey": "11091235",
        "name": "BBQ Chicken Pizza - 12\" Medium Pizza",
        "description": "BBQ sauce, chicken and pineapple. Choice of 6\" flash pan pizza, 9\" small pizza, 12\" medium pizza, 14\" large pizza, 16\" extra large pizza, 16\" square pizza, 12\" authentic chicago style pizza, 12\" loaded crust medium pizza, or 14\" loaded crust pizza.",
        "basePrice": 13.99
      },
      {
        "apiKey": "11091237",
        "name": "BBQ Chicken Pizza - 14\" Large Pizza",
        "description": "BBQ sauce, chicken and pineapple. Choice of 6\" flash pan pizza, 9\" small pizza, 12\" medium pizza, 14\" large pizza, 16\" extra large pizza, 16\" square pizza, 12\" authentic chicago style pizza, 12\" loaded crust medium pizza, or 14\" loaded crust pizza.",
        "basePrice": 16.99
      },
      {
        "apiKey": "11091239",
        "name": "BBQ Chicken Pizza - 16\" Extra Large Pizza",
        "description": "BBQ sauce, chicken and pineapple. Choice of 6\" flash pan pizza, 9\" small pizza, 12\" medium pizza, 14\" large pizza, 16\" extra large pizza, 16\" square pizza, 12\" authentic chicago style pizza, 12\" loaded crust medium pizza, or 14\" loaded crust pizza.",
        "basePrice": 19.99
      },
      {
        "apiKey": "11091242",
        "name": "BBQ Chicken Pizza - 16\" Square Pizza",
        "description": "BBQ sauce, chicken and pineapple. Choice of 6\" flash pan pizza, 9\" small pizza, 12\" medium pizza, 14\" large pizza, 16\" extra large pizza, 16\" square pizza, 12\" authentic chicago style pizza, 12\" loaded crust medium pizza, or 14\" loaded crust pizza.",
        "basePrice": 21.99
      },
      {
        "apiKey": "11091245",
        "name": "BBQ Chicken Pizza - 12\" Authentic Chicago Style Pizza",
        "description": "BBQ sauce, chicken and pineapple. Choice of 6\" flash pan pizza, 9\" small pizza, 12\" medium pizza, 14\" large pizza, 16\" extra large pizza, 16\" square pizza, 12\" authentic chicago style pizza, 12\" loaded crust medium pizza, or 14\" loaded crust pizza.",
        "basePrice": 16.99
      },
      {
        "apiKey": "11091246",
        "name": "BBQ Chicken Pizza - 12\" Loaded Crust Medium Pizza",
        "description": "BBQ sauce, chicken and pineapple. Choice of 6\" flash pan pizza, 9\" small pizza, 12\" medium pizza, 14\" large pizza, 16\" extra large pizza, 16\" square pizza, 12\" authentic chicago style pizza, 12\" loaded crust medium pizza, or 14\" loaded crust pizza.",
        "basePrice": 15.99
      },
      {
        "apiKey": "11091247",
        "name": "BBQ Chicken Pizza - 14\" Loaded Crust Pizza",
        "description": "BBQ sauce, chicken and pineapple. Choice of 6\" flash pan pizza, 9\" small pizza, 12\" medium pizza, 14\" large pizza, 16\" extra large pizza, 16\" square pizza, 12\" authentic chicago style pizza, 12\" loaded crust medium pizza, or 14\" loaded crust pizza.",
        "basePrice": 19.99
      },
      {
        "apiKey": "11091250",
        "name": "Hawaiian Pizza - 6\" Flash Pan Pizza",
        "description": "Ham, pineapple and bacon. Choice of 6\" flash pan pizza, 9\" small pizza, 12\" medium pizza, 14\" large pizza, 16\" extra large pizza, 16\" square pizza, 12\" authentic chicago style pizza, 12\" loaded crust medium pizza, or 14\" loaded crust pizza.",
        "basePrice": 6.99
      },
      {
        "apiKey": "11091251",
        "name": "Hawaiian Pizza - 9\" Small Pizza",
        "description": "Ham, pineapple and bacon. Choice of 6\" flash pan pizza, 9\" small pizza, 12\" medium pizza, 14\" large pizza, 16\" extra large pizza, 16\" square pizza, 12\" authentic chicago style pizza, 12\" loaded crust medium pizza, or 14\" loaded crust pizza.",
        "basePrice": 10.99
      },
      {
        "apiKey": "11091253",
        "name": "Hawaiian Pizza - 12\" Medium Pizza",
        "description": "Ham, pineapple and bacon. Choice of 6\" flash pan pizza, 9\" small pizza, 12\" medium pizza, 14\" large pizza, 16\" extra large pizza, 16\" square pizza, 12\" authentic chicago style pizza, 12\" loaded crust medium pizza, or 14\" loaded crust pizza.",
        "basePrice": 13.99
      },
      {
        "apiKey": "11091254",
        "name": "Hawaiian Pizza - 14\" Large Pizza",
        "description": "Ham, pineapple and bacon. Choice of 6\" flash pan pizza, 9\" small pizza, 12\" medium pizza, 14\" large pizza, 16\" extra large pizza, 16\" square pizza, 12\" authentic chicago style pizza, 12\" loaded crust medium pizza, or 14\" loaded crust pizza.",
        "basePrice": 16.99
      },
      {
        "apiKey": "11091255",
        "name": "Hawaiian Pizza - 16\" Extra Large Pizza",
        "description": "Ham, pineapple and bacon. Choice of 6\" flash pan pizza, 9\" small pizza, 12\" medium pizza, 14\" large pizza, 16\" extra large pizza, 16\" square pizza, 12\" authentic chicago style pizza, 12\" loaded crust medium pizza, or 14\" loaded crust pizza.",
        "basePrice": 19.99
      },
      {
        "apiKey": "11091257",
        "name": "Hawaiian Pizza - 16\" Square Pizza",
        "description": "Ham, pineapple and bacon. Choice of 6\" flash pan pizza, 9\" small pizza, 12\" medium pizza, 14\" large pizza, 16\" extra large pizza, 16\" square pizza, 12\" authentic chicago style pizza, 12\" loaded crust medium pizza, or 14\" loaded crust pizza.",
        "basePrice": 21.99
      },
      {
        "apiKey": "11091258",
        "name": "Hawaiian Pizza - 12\" Authentic Chicago Style Pizza",
        "description": "Ham, pineapple and bacon. Choice of 6\" flash pan pizza, 9\" small pizza, 12\" medium pizza, 14\" large pizza, 16\" extra large pizza, 16\" square pizza, 12\" authentic chicago style pizza, 12\" loaded crust medium pizza, or 14\" loaded crust pizza.",
        "basePrice": 16.99
      },
      {
        "apiKey": "11091260",
        "name": "Hawaiian Pizza - 12\" Loaded Crust Medium Pizza",
        "description": "Ham, pineapple and bacon. Choice of 6\" flash pan pizza, 9\" small pizza, 12\" medium pizza, 14\" large pizza, 16\" extra large pizza, 16\" square pizza, 12\" authentic chicago style pizza, 12\" loaded crust medium pizza, or 14\" loaded crust pizza.",
        "basePrice": 15.99
      },
      {
        "apiKey": "11091261",
        "name": "Hawaiian Pizza - 14\" Loaded Crust Pizza",
        "description": "Ham, pineapple and bacon. Choice of 6\" flash pan pizza, 9\" small pizza, 12\" medium pizza, 14\" large pizza, 16\" extra large pizza, 16\" square pizza, 12\" authentic chicago style pizza, 12\" loaded crust medium pizza, or 14\" loaded crust pizza.",
        "basePrice": 19.99
      },
      {
        "apiKey": "11091265",
        "name": "Buffalo Chicken Pizza - 6\" Flash Pan Pizza",
        "description": "Mild or hot wings sauce topped with boneless breaded chicken. Choice of 6\" flash pan pizza, 9\" small pizza, 12\" medium pizza, 14\" large pizza, 16\" extra large pizza, 16\" square pizza, 12\" authentic chicago style pizza, 12\" loaded crust medium pizza, or 14\" loaded crust pizza.",
        "basePrice": 6.99
      },
      {
        "apiKey": "11091266",
        "name": "Buffalo Chicken Pizza - 9\" Small Pizza",
        "description": "Mild or hot wings sauce topped with boneless breaded chicken. Choice of 6\" flash pan pizza, 9\" small pizza, 12\" medium pizza, 14\" large pizza, 16\" extra large pizza, 16\" square pizza, 12\" authentic chicago style pizza, 12\" loaded crust medium pizza, or 14\" loaded crust pizza.",
        "basePrice": 10.99
      },
      {
        "apiKey": "11091268",
        "name": "Buffalo Chicken Pizza - 12\" Medium Pizza",
        "description": "Mild or hot wings sauce topped with boneless breaded chicken. Choice of 6\" flash pan pizza, 9\" small pizza, 12\" medium pizza, 14\" large pizza, 16\" extra large pizza, 16\" square pizza, 12\" authentic chicago style pizza, 12\" loaded crust medium pizza, or 14\" loaded crust pizza.",
        "basePrice": 13.99
      },
      {
        "apiKey": "11091269",
        "name": "Buffalo Chicken Pizza - 14\" Large Pizza",
        "description": "Mild or hot wings sauce topped with boneless breaded chicken. Choice of 6\" flash pan pizza, 9\" small pizza, 12\" medium pizza, 14\" large pizza, 16\" extra large pizza, 16\" square pizza, 12\" authentic chicago style pizza, 12\" loaded crust medium pizza, or 14\" loaded crust pizza.",
        "basePrice": 16.99
      },
      {
        "apiKey": "11091272",
        "name": "Buffalo Chicken Pizza - 16\" Extra Large Pizza",
        "description": "Mild or hot wings sauce topped with boneless breaded chicken. Choice of 6\" flash pan pizza, 9\" small pizza, 12\" medium pizza, 14\" large pizza, 16\" extra large pizza, 16\" square pizza, 12\" authentic chicago style pizza, 12\" loaded crust medium pizza, or 14\" loaded crust pizza.",
        "basePrice": 19.99
      },
      {
        "apiKey": "11091273",
        "name": "Buffalo Chicken Pizza - 16\" Square Pizza",
        "description": "Mild or hot wings sauce topped with boneless breaded chicken. Choice of 6\" flash pan pizza, 9\" small pizza, 12\" medium pizza, 14\" large pizza, 16\" extra large pizza, 16\" square pizza, 12\" authentic chicago style pizza, 12\" loaded crust medium pizza, or 14\" loaded crust pizza.",
        "basePrice": 21.99
      },
      {
        "apiKey": "11091277",
        "name": "Buffalo Chicken Pizza - 12\" Authentic Chicago Style Pizza",
        "description": "Mild or hot wings sauce topped with boneless breaded chicken. Choice of 6\" flash pan pizza, 9\" small pizza, 12\" medium pizza, 14\" large pizza, 16\" extra large pizza, 16\" square pizza, 12\" authentic chicago style pizza, 12\" loaded crust medium pizza, or 14\" loaded crust pizza.",
        "basePrice": 16.99
      },
      {
        "apiKey": "11091279",
        "name": "Buffalo Chicken Pizza - 12\" Loaded Crust Medium Pizza",
        "description": "Mild or hot wings sauce topped with boneless breaded chicken. Choice of 6\" flash pan pizza, 9\" small pizza, 12\" medium pizza, 14\" large pizza, 16\" extra large pizza, 16\" square pizza, 12\" authentic chicago style pizza, 12\" loaded crust medium pizza, or 14\" loaded crust pizza.",
        "basePrice": 15.99
      },
      {
        "apiKey": "11091280",
        "name": "Buffalo Chicken Pizza - 14\" Loaded Crust Pizza",
        "description": "Mild or hot wings sauce topped with boneless breaded chicken. Choice of 6\" flash pan pizza, 9\" small pizza, 12\" medium pizza, 14\" large pizza, 16\" extra large pizza, 16\" square pizza, 12\" authentic chicago style pizza, 12\" loaded crust medium pizza, or 14\" loaded crust pizza.",
        "basePrice": 19.99
      },
      {
        "apiKey": "11091288",
        "name": "Chicago Melt Pizza - 12\" Medium Pizza",
        "description": "Pepperoni, sausage, a blend of mozzarella and cheddar cheese. Choice of 6\" flash pan pizza, 9\" small pizza, 12\" medium pizza, 14\" large pizza, 16\" extra large pizza, 16\" square pizza, 12\" authentic chicago style pizza, 12\" loaded crust medium pizza, or 14\" loaded crust pizza.",
        "basePrice": 13.99
      },
      {
        "apiKey": "11091302",
        "name": "Deluxe Pizza - 6\" Flash Pan Pizza",
        "description": "Pepperoni, mushrooms, sausage, onions, green peppers, green olives and mild banana peppers. Choice of 6\" flash pan pizza, 9\" small pizza, 12\" medium pizza, 14\" large pizza, 16\" extra large pizza, 16\" square pizza, 12\" authentic chicago style pizza, 12\" loaded crust medium pizza, or 14\" loaded crust pizza.",
        "basePrice": 6.99
      },
      {
        "apiKey": "11091304",
        "name": "Deluxe Pizza - 9\" Small Pizza",
        "description": "Pepperoni, mushrooms, sausage, onions, green peppers, green olives and mild banana peppers. Choice of 6\" flash pan pizza, 9\" small pizza, 12\" medium pizza, 14\" large pizza, 16\" extra large pizza, 16\" square pizza, 12\" authentic chicago style pizza, 12\" loaded crust medium pizza, or 14\" loaded crust pizza.",
        "basePrice": 10.99
      },
      {
        "apiKey": "11091307",
        "name": "Deluxe Pizza - 12\" Medium Pizza",
        "description": "Pepperoni, mushrooms, sausage, onions, green peppers, green olives and mild banana peppers. Choice of 6\" flash pan pizza, 9\" small pizza, 12\" medium pizza, 14\" large pizza, 16\" extra large pizza, 16\" square pizza, 12\" authentic chicago style pizza, 12\" loaded crust medium pizza, or 14\" loaded crust pizza.",
        "basePrice": 13.99
      },
      {
        "apiKey": "11091308",
        "name": "Deluxe Pizza - 14\" Large Pizza",
        "description": "Pepperoni, mushrooms, sausage, onions, green peppers, green olives and mild banana peppers. Choice of 6\" flash pan pizza, 9\" small pizza, 12\" medium pizza, 14\" large pizza, 16\" extra large pizza, 16\" square pizza, 12\" authentic chicago style pizza, 12\" loaded crust medium pizza, or 14\" loaded crust pizza.",
        "basePrice": 16.99
      },
      {
        "apiKey": "11091310",
        "name": "Deluxe Pizza - 16\" Extra Large Pizza",
        "description": "Pepperoni, mushrooms, sausage, onions, green peppers, green olives and mild banana peppers. Choice of 6\" flash pan pizza, 9\" small pizza, 12\" medium pizza, 14\" large pizza, 16\" extra large pizza, 16\" square pizza, 12\" authentic chicago style pizza, 12\" loaded crust medium pizza, or 14\" loaded crust pizza.",
        "basePrice": 19.99
      },
      {
        "apiKey": "11091312",
        "name": "Deluxe Pizza - 16\" Square Pizza",
        "description": "Pepperoni, mushrooms, sausage, onions, green peppers, green olives and mild banana peppers. Choice of 6\" flash pan pizza, 9\" small pizza, 12\" medium pizza, 14\" large pizza, 16\" extra large pizza, 16\" square pizza, 12\" authentic chicago style pizza, 12\" loaded crust medium pizza, or 14\" loaded crust pizza.",
        "basePrice": 21.99
      },
      {
        "apiKey": "11091314",
        "name": "Deluxe Pizza - 12\" Authentic Chicago Style Pizza",
        "description": "Pepperoni, mushrooms, sausage, onions, green peppers, green olives and mild banana peppers. Choice of 6\" flash pan pizza, 9\" small pizza, 12\" medium pizza, 14\" large pizza, 16\" extra large pizza, 16\" square pizza, 12\" authentic chicago style pizza, 12\" loaded crust medium pizza, or 14\" loaded crust pizza.",
        "basePrice": 16.99
      },
      {
        "apiKey": "11091315",
        "name": "Deluxe Pizza - 12\" Loaded Crust Medium Pizza",
        "description": "Pepperoni, mushrooms, sausage, onions, green peppers, green olives and mild banana peppers. Choice of 6\" flash pan pizza, 9\" small pizza, 12\" medium pizza, 14\" large pizza, 16\" extra large pizza, 16\" square pizza, 12\" authentic chicago style pizza, 12\" loaded crust medium pizza, or 14\" loaded crust pizza.",
        "basePrice": 15.99
      },
      {
        "apiKey": "11091316",
        "name": "Deluxe Pizza - 14\" Loaded Crust Pizza",
        "description": "Pepperoni, mushrooms, sausage, onions, green peppers, green olives and mild banana peppers. Choice of 6\" flash pan pizza, 9\" small pizza, 12\" medium pizza, 14\" large pizza, 16\" extra large pizza, 16\" square pizza, 12\" authentic chicago style pizza, 12\" loaded crust medium pizza, or 14\" loaded crust pizza.",
        "basePrice": 19.99
      },
      {
        "apiKey": "11091319",
        "name": "All Meat Pizza - 6\" Flash Pan Pizza",
        "description": "Pepperoni, sausage, ham, bacon and beef. Choice of 6\" flash pan pizza, 9\" small pizza, 12\" medium pizza, 14\" large pizza, 16\" extra large pizza, 16\" square pizza, 12\" authentic chicago style pizza, 12\" loaded crust medium pizza, or 14\" loaded crust pizza.",
        "basePrice": 6.99
      },
      {
        "apiKey": "11091321",
        "name": "All Meat Pizza - 9\" Small Pizza",
        "description": "Pepperoni, sausage, ham, bacon and beef. Choice of 6\" flash pan pizza, 9\" small pizza, 12\" medium pizza, 14\" large pizza, 16\" extra large pizza, 16\" square pizza, 12\" authentic chicago style pizza, 12\" loaded crust medium pizza, or 14\" loaded crust pizza.",
        "basePrice": 10.99
      },
      {
        "apiKey": "11091323",
        "name": "All Meat Pizza - 12\" Medium Pizza",
        "description": "Pepperoni, sausage, ham, bacon and beef. Choice of 6\" flash pan pizza, 9\" small pizza, 12\" medium pizza, 14\" large pizza, 16\" extra large pizza, 16\" square pizza, 12\" authentic chicago style pizza, 12\" loaded crust medium pizza, or 14\" loaded crust pizza.",
        "basePrice": 13.99
      },
      {
        "apiKey": "11091325",
        "name": "All Meat Pizza - 14\" Large Pizza",
        "description": "Pepperoni, sausage, ham, bacon and beef. Choice of 6\" flash pan pizza, 9\" small pizza, 12\" medium pizza, 14\" large pizza, 16\" extra large pizza, 16\" square pizza, 12\" authentic chicago style pizza, 12\" loaded crust medium pizza, or 14\" loaded crust pizza.",
        "basePrice": 16.99
      },
      {
        "apiKey": "11091327",
        "name": "All Meat Pizza - 16\" Extra Large Pizza",
        "description": "Pepperoni, sausage, ham, bacon and beef. Choice of 6\" flash pan pizza, 9\" small pizza, 12\" medium pizza, 14\" large pizza, 16\" extra large pizza, 16\" square pizza, 12\" authentic chicago style pizza, 12\" loaded crust medium pizza, or 14\" loaded crust pizza.",
        "basePrice": 19.99
      },
      {
        "apiKey": "11091329",
        "name": "All Meat Pizza - 16\" Square Pizza",
        "description": "Pepperoni, sausage, ham, bacon and beef. Choice of 6\" flash pan pizza, 9\" small pizza, 12\" medium pizza, 14\" large pizza, 16\" extra large pizza, 16\" square pizza, 12\" authentic chicago style pizza, 12\" loaded crust medium pizza, or 14\" loaded crust pizza.",
        "basePrice": 21.99
      },
      {
        "apiKey": "11091330",
        "name": "All Meat Pizza - 12\" Authentic Chicago Style Pizza",
        "description": "Pepperoni, sausage, ham, bacon and beef. Choice of 6\" flash pan pizza, 9\" small pizza, 12\" medium pizza, 14\" large pizza, 16\" extra large pizza, 16\" square pizza, 12\" authentic chicago style pizza, 12\" loaded crust medium pizza, or 14\" loaded crust pizza.",
        "basePrice": 16.99
      },
      {
        "apiKey": "11091332",
        "name": "All Meat Pizza - 12\" Loaded Crust Medium Pizza",
        "description": "Pepperoni, sausage, ham, bacon and beef. Choice of 6\" flash pan pizza, 9\" small pizza, 12\" medium pizza, 14\" large pizza, 16\" extra large pizza, 16\" square pizza, 12\" authentic chicago style pizza, 12\" loaded crust medium pizza, or 14\" loaded crust pizza.",
        "basePrice": 15.99
      },
      {
        "apiKey": "11091334",
        "name": "All Meat Pizza - 14\" Loaded Crust Pizza",
        "description": "Pepperoni, sausage, ham, bacon and beef. Choice of 6\" flash pan pizza, 9\" small pizza, 12\" medium pizza, 14\" large pizza, 16\" extra large pizza, 16\" square pizza, 12\" authentic chicago style pizza, 12\" loaded crust medium pizza, or 14\" loaded crust pizza.",
        "basePrice": 19.99
      },
      {
        "apiKey": "11091337",
        "name": "7 Layer Veggie Pizza - 6\" Flash Pan Pizza",
        "description": "Mushrooms, onions, green peppers, mild banana peppers, tomatoes, green olives and black olives. Choice of 6\" flash pan pizza, 9\" small pizza, 12\" medium pizza, 14\" large pizza, 16\" extra large pizza, 16\" square pizza, 12\" authentic chicago style pizza, 12\" loaded crust medium pizza, or 14\" loaded crust pizza.",
        "basePrice": 6.99
      },
      {
        "apiKey": "11091338",
        "name": "7 Layer Veggie Pizza - 9\" Small Pizza",
        "description": "Mushrooms, onions, green peppers, mild banana peppers, tomatoes, green olives and black olives. Choice of 6\" flash pan pizza, 9\" small pizza, 12\" medium pizza, 14\" large pizza, 16\" extra large pizza, 16\" square pizza, 12\" authentic chicago style pizza, 12\" loaded crust medium pizza, or 14\" loaded crust pizza.",
        "basePrice": 10.99
      },
      {
        "apiKey": "11091340",
        "name": "7 Layer Veggie Pizza - 12\" Medium Pizza",
        "description": "Mushrooms, onions, green peppers, mild banana peppers, tomatoes, green olives and black olives. Choice of 6\" flash pan pizza, 9\" small pizza, 12\" medium pizza, 14\" large pizza, 16\" extra large pizza, 16\" square pizza, 12\" authentic chicago style pizza, 12\" loaded crust medium pizza, or 14\" loaded crust pizza.",
        "basePrice": 13.99
      },
      {
        "apiKey": "11091341",
        "name": "7 Layer Veggie Pizza - 14\" Large Pizza",
        "description": "Mushrooms, onions, green peppers, mild banana peppers, tomatoes, green olives and black olives. Choice of 6\" flash pan pizza, 9\" small pizza, 12\" medium pizza, 14\" large pizza, 16\" extra large pizza, 16\" square pizza, 12\" authentic chicago style pizza, 12\" loaded crust medium pizza, or 14\" loaded crust pizza.",
        "basePrice": 16.99
      },
      {
        "apiKey": "11091343",
        "name": "7 Layer Veggie Pizza - 16\" Extra Large Pizza",
        "description": "Mushrooms, onions, green peppers, mild banana peppers, tomatoes, green olives and black olives. Choice of 6\" flash pan pizza, 9\" small pizza, 12\" medium pizza, 14\" large pizza, 16\" extra large pizza, 16\" square pizza, 12\" authentic chicago style pizza, 12\" loaded crust medium pizza, or 14\" loaded crust pizza.",
        "basePrice": 19.99
      },
      {
        "apiKey": "11091348",
        "name": "7 Layer Veggie Pizza - 16\" Square Pizza",
        "description": "Mushrooms, onions, green peppers, mild banana peppers, tomatoes, green olives and black olives. Choice of 6\" flash pan pizza, 9\" small pizza, 12\" medium pizza, 14\" large pizza, 16\" extra large pizza, 16\" square pizza, 12\" authentic chicago style pizza, 12\" loaded crust medium pizza, or 14\" loaded crust pizza.",
        "basePrice": 21.99
      },
      {
        "apiKey": "11091350",
        "name": "7 Layer Veggie Pizza - 12\" Authentic Chicago Style Pizza",
        "description": "Mushrooms, onions, green peppers, mild banana peppers, tomatoes, green olives and black olives. Choice of 6\" flash pan pizza, 9\" small pizza, 12\" medium pizza, 14\" large pizza, 16\" extra large pizza, 16\" square pizza, 12\" authentic chicago style pizza, 12\" loaded crust medium pizza, or 14\" loaded crust pizza.",
        "basePrice": 16.99
      },
      {
        "apiKey": "11091352",
        "name": "7 Layer Veggie Pizza - 12\" Loaded Crust Medium Pizza",
        "description": "Mushrooms, onions, green peppers, mild banana peppers, tomatoes, green olives and black olives. Choice of 6\" flash pan pizza, 9\" small pizza, 12\" medium pizza, 14\" large pizza, 16\" extra large pizza, 16\" square pizza, 12\" authentic chicago style pizza, 12\" loaded crust medium pizza, or 14\" loaded crust pizza.",
        "basePrice": 15.99
      },
      {
        "apiKey": "11091354",
        "name": "7 Layer Veggie Pizza - 14\" Loaded Crust Pizza",
        "description": "Mushrooms, onions, green peppers, mild banana peppers, tomatoes, green olives and black olives. Choice of 6\" flash pan pizza, 9\" small pizza, 12\" medium pizza, 14\" large pizza, 16\" extra large pizza, 16\" square pizza, 12\" authentic chicago style pizza, 12\" loaded crust medium pizza, or 14\" loaded crust pizza.",
        "basePrice": 19.99
      },
      {
        "apiKey": "11091363",
        "name": "Chicken Bacon Ranch Pizza - 6\" Flash Pan Pizza",
        "description": "Ranch dressing instead of pizza sauce, mozzarella cheese topped with chicken and bacon. Choice of 6\" flash pan pizza, 9\" small pizza, 12\" medium pizza, 14\" large pizza, 16\" extra large pizza, 16\" square pizza, 12\" authentic chicago style pizza, 12\" loaded crust medium pizza, or 14\" loaded crust pizza.",
        "basePrice": 6.99
      },
      {
        "apiKey": "11091364",
        "name": "Chicken Bacon Ranch Pizza - 9\" Small Pizza",
        "description": "Ranch dressing instead of pizza sauce, mozzarella cheese topped with chicken and bacon. Choice of 6\" flash pan pizza, 9\" small pizza, 12\" medium pizza, 14\" large pizza, 16\" extra large pizza, 16\" square pizza, 12\" authentic chicago style pizza, 12\" loaded crust medium pizza, or 14\" loaded crust pizza.",
        "basePrice": 10.99
      },
      {
        "apiKey": "11091366",
        "name": "Chicken Bacon Ranch Pizza - 12\" Medium Pizza",
        "description": "Ranch dressing instead of pizza sauce, mozzarella cheese topped with chicken and bacon. Choice of 6\" flash pan pizza, 9\" small pizza, 12\" medium pizza, 14\" large pizza, 16\" extra large pizza, 16\" square pizza, 12\" authentic chicago style pizza, 12\" loaded crust medium pizza, or 14\" loaded crust pizza.",
        "basePrice": 13.99
      },
      {
        "apiKey": "11091369",
        "name": "Chicken Bacon Ranch Pizza - 14\" Large Pizza",
        "description": "Ranch dressing instead of pizza sauce, mozzarella cheese topped with chicken and bacon. Choice of 6\" flash pan pizza, 9\" small pizza, 12\" medium pizza, 14\" large pizza, 16\" extra large pizza, 16\" square pizza, 12\" authentic chicago style pizza, 12\" loaded crust medium pizza, or 14\" loaded crust pizza.",
        "basePrice": 16.99
      },
      {
        "apiKey": "11091370",
        "name": "Chicken Bacon Ranch Pizza - 16\" Extra Large Pizza",
        "description": "Ranch dressing instead of pizza sauce, mozzarella cheese topped with chicken and bacon. Choice of 6\" flash pan pizza, 9\" small pizza, 12\" medium pizza, 14\" large pizza, 16\" extra large pizza, 16\" square pizza, 12\" authentic chicago style pizza, 12\" loaded crust medium pizza, or 14\" loaded crust pizza.",
        "basePrice": 19.99
      },
      {
        "apiKey": "11091372",
        "name": "Chicken Bacon Ranch Pizza - 16\" Square Pizza",
        "description": "Ranch dressing instead of pizza sauce, mozzarella cheese topped with chicken and bacon. Choice of 6\" flash pan pizza, 9\" small pizza, 12\" medium pizza, 14\" large pizza, 16\" extra large pizza, 16\" square pizza, 12\" authentic chicago style pizza, 12\" loaded crust medium pizza, or 14\" loaded crust pizza.",
        "basePrice": 21.99
      },
      {
        "apiKey": "11091373",
        "name": "Chicken Bacon Ranch Pizza - 12\" Authentic Chicago Style Pizza",
        "description": "Ranch dressing instead of pizza sauce, mozzarella cheese topped with chicken and bacon. Choice of 6\" flash pan pizza, 9\" small pizza, 12\" medium pizza, 14\" large pizza, 16\" extra large pizza, 16\" square pizza, 12\" authentic chicago style pizza, 12\" loaded crust medium pizza, or 14\" loaded crust pizza.",
        "basePrice": 16.99
      },
      {
        "apiKey": "11091374",
        "name": "Chicken Bacon Ranch Pizza - 12\" Loaded Crust Medium Pizza",
        "description": "Ranch dressing instead of pizza sauce, mozzarella cheese topped with chicken and bacon. Choice of 6\" flash pan pizza, 9\" small pizza, 12\" medium pizza, 14\" large pizza, 16\" extra large pizza, 16\" square pizza, 12\" authentic chicago style pizza, 12\" loaded crust medium pizza, or 14\" loaded crust pizza.",
        "basePrice": 15.99
      },
      {
        "apiKey": "11091376",
        "name": "Chicken Bacon Ranch Pizza - 14\" Loaded Crust Pizza",
        "description": "Ranch dressing instead of pizza sauce, mozzarella cheese topped with chicken and bacon. Choice of 6\" flash pan pizza, 9\" small pizza, 12\" medium pizza, 14\" large pizza, 16\" extra large pizza, 16\" square pizza, 12\" authentic chicago style pizza, 12\" loaded crust medium pizza, or 14\" loaded crust pizza.",
        "basePrice": 19.99
      },
      {
        "apiKey": "11091379",
        "name": "Double Stacked Pepperoni Pizza - 6\" Flash Pan Pizza",
        "description": "Pepperoni double stacked between a layer of mozzarella cheese and topped with Parmesan. Choice of 6\" flash pan pizza, 9\" small pizza, 12\" medium pizza, 14\" large pizza, 16\" extra large pizza, 16\" square pizza, 12\" authentic chicago style pizza, 12\" loaded crust medium pizza, or 14\" loaded crust pizza.",
        "basePrice": 6.99
      },
      {
        "apiKey": "11091380",
        "name": "Double Stacked Pepperoni Pizza - 9\" Small Pizza",
        "description": "Pepperoni double stacked between a layer of mozzarella cheese and topped with Parmesan. Choice of 6\" flash pan pizza, 9\" small pizza, 12\" medium pizza, 14\" large pizza, 16\" extra large pizza, 16\" square pizza, 12\" authentic chicago style pizza, 12\" loaded crust medium pizza, or 14\" loaded crust pizza.",
        "basePrice": 10.99
      },
      {
        "apiKey": "11091381",
        "name": "Double Stacked Pepperoni Pizza - 12\" Medium Pizza",
        "description": "Pepperoni double stacked between a layer of mozzarella cheese and topped with Parmesan. Choice of 6\" flash pan pizza, 9\" small pizza, 12\" medium pizza, 14\" large pizza, 16\" extra large pizza, 16\" square pizza, 12\" authentic chicago style pizza, 12\" loaded crust medium pizza, or 14\" loaded crust pizza.",
        "basePrice": 13.99
      },
      {
        "apiKey": "11091383",
        "name": "Double Stacked Pepperoni Pizza - 14\" Large Pizza",
        "description": "Pepperoni double stacked between a layer of mozzarella cheese and topped with Parmesan. Choice of 6\" flash pan pizza, 9\" small pizza, 12\" medium pizza, 14\" large pizza, 16\" extra large pizza, 16\" square pizza, 12\" authentic chicago style pizza, 12\" loaded crust medium pizza, or 14\" loaded crust pizza.",
        "basePrice": 16.99
      },
      {
        "apiKey": "11091385",
        "name": "Double Stacked Pepperoni Pizza - 16\" Extra Large Pizza",
        "description": "Pepperoni double stacked between a layer of mozzarella cheese and topped with Parmesan. Choice of 6\" flash pan pizza, 9\" small pizza, 12\" medium pizza, 14\" large pizza, 16\" extra large pizza, 16\" square pizza, 12\" authentic chicago style pizza, 12\" loaded crust medium pizza, or 14\" loaded crust pizza.",
        "basePrice": 19.99
      },
      {
        "apiKey": "11091392",
        "name": "Double Stacked Pepperoni Pizza - 16\" Square Pizza",
        "description": "Pepperoni double stacked between a layer of mozzarella cheese and topped with Parmesan. Choice of 6\" flash pan pizza, 9\" small pizza, 12\" medium pizza, 14\" large pizza, 16\" extra large pizza, 16\" square pizza, 12\" authentic chicago style pizza, 12\" loaded crust medium pizza, or 14\" loaded crust pizza.",
        "basePrice": 21.99
      },
      {
        "apiKey": "11091393",
        "name": "Double Stacked Pepperoni Pizza - 12\" Authentic Chicago Style Pizza",
        "description": "Pepperoni double stacked between a layer of mozzarella cheese and topped with Parmesan. Choice of 6\" flash pan pizza, 9\" small pizza, 12\" medium pizza, 14\" large pizza, 16\" extra large pizza, 16\" square pizza, 12\" authentic chicago style pizza, 12\" loaded crust medium pizza, or 14\" loaded crust pizza.",
        "basePrice": 16.99
      },
      {
        "apiKey": "11091395",
        "name": "Double Stacked Pepperoni Pizza - 12\" Loaded Crust Medium Pizza",
        "description": "Pepperoni double stacked between a layer of mozzarella cheese and topped with Parmesan. Choice of 6\" flash pan pizza, 9\" small pizza, 12\" medium pizza, 14\" large pizza, 16\" extra large pizza, 16\" square pizza, 12\" authentic chicago style pizza, 12\" loaded crust medium pizza, or 14\" loaded crust pizza.",
        "basePrice": 15.99
      },
      {
        "apiKey": "11091398",
        "name": "Double Stacked Pepperoni Pizza - 14\" Loaded Crust Pizza",
        "description": "Pepperoni double stacked between a layer of mozzarella cheese and topped with Parmesan. Choice of 6\" flash pan pizza, 9\" small pizza, 12\" medium pizza, 14\" large pizza, 16\" extra large pizza, 16\" square pizza, 12\" authentic chicago style pizza, 12\" loaded crust medium pizza, or 14\" loaded crust pizza.",
        "basePrice": 19.99
      },
      {
        "apiKey": "11091403",
        "name": "Pepperoni Meatball Pizza - 6\" Flash Pan Pizza",
        "description": "Pepperoni and meatball. Choice of 6\" flash pan pizza, 9\" small pizza, 12\" medium pizza, 14\" large pizza, 16\" extra large pizza, 16\" square pizza, 12\" authentic chicago style pizza, 12\" loaded crust medium pizza, or 14\" loaded crust pizza.",
        "basePrice": 6.99
      },
      {
        "apiKey": "11091404",
        "name": "Pepperoni Meatball Pizza - 9\" Small Pizza",
        "description": "Pepperoni and meatball. Choice of 6\" flash pan pizza, 9\" small pizza, 12\" medium pizza, 14\" large pizza, 16\" extra large pizza, 16\" square pizza, 12\" authentic chicago style pizza, 12\" loaded crust medium pizza, or 14\" loaded crust pizza.",
        "basePrice": 10.99
      },
      {
        "apiKey": "11091406",
        "name": "Pepperoni Meatball Pizza - 12\" Medium Pizza",
        "description": "Pepperoni and meatball. Choice of 6\" flash pan pizza, 9\" small pizza, 12\" medium pizza, 14\" large pizza, 16\" extra large pizza, 16\" square pizza, 12\" authentic chicago style pizza, 12\" loaded crust medium pizza, or 14\" loaded crust pizza.",
        "basePrice": 13.99
      },
      {
        "apiKey": "11091408",
        "name": "Pepperoni Meatball Pizza - 14\" Large Pizza",
        "description": "Pepperoni and meatball. Choice of 6\" flash pan pizza, 9\" small pizza, 12\" medium pizza, 14\" large pizza, 16\" extra large pizza, 16\" square pizza, 12\" authentic chicago style pizza, 12\" loaded crust medium pizza, or 14\" loaded crust pizza.",
        "basePrice": 16.99
      },
      {
        "apiKey": "11091410",
        "name": "Pepperoni Meatball Pizza - 16\" Extra Large Pizza",
        "description": "Pepperoni and meatball. Choice of 6\" flash pan pizza, 9\" small pizza, 12\" medium pizza, 14\" large pizza, 16\" extra large pizza, 16\" square pizza, 12\" authentic chicago style pizza, 12\" loaded crust medium pizza, or 14\" loaded crust pizza.",
        "basePrice": 19.99
      },
      {
        "apiKey": "11091413",
        "name": "Pepperoni Meatball Pizza - 16\" Square Pizza",
        "description": "Pepperoni and meatball. Choice of 6\" flash pan pizza, 9\" small pizza, 12\" medium pizza, 14\" large pizza, 16\" extra large pizza, 16\" square pizza, 12\" authentic chicago style pizza, 12\" loaded crust medium pizza, or 14\" loaded crust pizza.",
        "basePrice": 21.99
      },
      {
        "apiKey": "11091414",
        "name": "Pepperoni Meatball Pizza - 12\" Authentic Chicago Style Pizza",
        "description": "Pepperoni and meatball. Choice of 6\" flash pan pizza, 9\" small pizza, 12\" medium pizza, 14\" large pizza, 16\" extra large pizza, 16\" square pizza, 12\" authentic chicago style pizza, 12\" loaded crust medium pizza, or 14\" loaded crust pizza.",
        "basePrice": 16.99
      },
      {
        "apiKey": "11091417",
        "name": "Pepperoni Meatball Pizza - 12\" Loaded Crust Medium Pizza",
        "description": "Pepperoni and meatball. Choice of 6\" flash pan pizza, 9\" small pizza, 12\" medium pizza, 14\" large pizza, 16\" extra large pizza, 16\" square pizza, 12\" authentic chicago style pizza, 12\" loaded crust medium pizza, or 14\" loaded crust pizza.",
        "basePrice": 15.99
      },
      {
        "apiKey": "11091418",
        "name": "Pepperoni Meatball Pizza - 14\" Loaded Crust Pizza",
        "description": "Pepperoni and meatball. Choice of 6\" flash pan pizza, 9\" small pizza, 12\" medium pizza, 14\" large pizza, 16\" extra large pizza, 16\" square pizza, 12\" authentic chicago style pizza, 12\" loaded crust medium pizza, or 14\" loaded crust pizza.",
        "basePrice": 19.99
      },
      {
        "apiKey": "11091422",
        "name": "The Tower Pizza - 6\" Flash Pan Pizza",
        "description": "Pepperoni, mushrooms, sausage, green peppers, onions, ham, bacon, mild banana peppers, and green and black olives. Choice of 6\" flash pan pizza, 9\" small pizza, 12\" medium pizza, 14\" large pizza, 16\" extra large pizza, 16\" square pizza, 12\" authentic chicago style pizza, 12\" loaded crust medium pizza, or 14\" loaded crust pizza.",
        "basePrice": 6.99
      },
      {
        "apiKey": "11091426",
        "name": "The Tower Pizza - 9\" Small Pizza",
        "description": "Pepperoni, mushrooms, sausage, green peppers, onions, ham, bacon, mild banana peppers, and green and black olives. Choice of 6\" flash pan pizza, 9\" small pizza, 12\" medium pizza, 14\" large pizza, 16\" extra large pizza, 16\" square pizza, 12\" authentic chicago style pizza, 12\" loaded crust medium pizza, or 14\" loaded crust pizza.",
        "basePrice": 12.99
      },
      {
        "apiKey": "11091428",
        "name": "The Tower Pizza - 12\" Medium Pizza",
        "description": "Pepperoni, mushrooms, sausage, green peppers, onions, ham, bacon, mild banana peppers, and green and black olives. Choice of 6\" flash pan pizza, 9\" small pizza, 12\" medium pizza, 14\" large pizza, 16\" extra large pizza, 16\" square pizza, 12\" authentic chicago style pizza, 12\" loaded crust medium pizza, or 14\" loaded crust pizza.",
        "basePrice": 15.99
      },
      {
        "apiKey": "11091432",
        "name": "The Tower Pizza - 14\" Large Pizza",
        "description": "Pepperoni, mushrooms, sausage, green peppers, onions, ham, bacon, mild banana peppers, and green and black olives. Choice of 6\" flash pan pizza, 9\" small pizza, 12\" medium pizza, 14\" large pizza, 16\" extra large pizza, 16\" square pizza, 12\" authentic chicago style pizza, 12\" loaded crust medium pizza, or 14\" loaded crust pizza.",
        "basePrice": 18.99
      },
      {
        "apiKey": "11091437",
        "name": "The Tower Pizza - 16\" Extra Large Pizza",
        "description": "Pepperoni, mushrooms, sausage, green peppers, onions, ham, bacon, mild banana peppers, and green and black olives. Choice of 6\" flash pan pizza, 9\" small pizza, 12\" medium pizza, 14\" large pizza, 16\" extra large pizza, 16\" square pizza, 12\" authentic chicago style pizza, 12\" loaded crust medium pizza, or 14\" loaded crust pizza.",
        "basePrice": 21.99
      },
      {
        "apiKey": "11091441",
        "name": "The Tower Pizza - 16\" Square Pizza",
        "description": "Pepperoni, mushrooms, sausage, green peppers, onions, ham, bacon, mild banana peppers, and green and black olives. Choice of 6\" flash pan pizza, 9\" small pizza, 12\" medium pizza, 14\" large pizza, 16\" extra large pizza, 16\" square pizza, 12\" authentic chicago style pizza, 12\" loaded crust medium pizza, or 14\" loaded crust pizza.",
        "basePrice": 23.99
      },
      {
        "apiKey": "11091443",
        "name": "The Tower Pizza - 12\" Authentic Chicago Style Pizza",
        "description": "Pepperoni, mushrooms, sausage, green peppers, onions, ham, bacon, mild banana peppers, and green and black olives. Choice of 6\" flash pan pizza, 9\" small pizza, 12\" medium pizza, 14\" large pizza, 16\" extra large pizza, 16\" square pizza, 12\" authentic chicago style pizza, 12\" loaded crust medium pizza, or 14\" loaded crust pizza.",
        "basePrice": 18.99
      },
      {
        "apiKey": "11091445",
        "name": "The Tower Pizza - 12\" Loaded Crust Medium Pizza",
        "description": "Pepperoni, mushrooms, sausage, green peppers, onions, ham, bacon, mild banana peppers, and green and black olives. Choice of 6\" flash pan pizza, 9\" small pizza, 12\" medium pizza, 14\" large pizza, 16\" extra large pizza, 16\" square pizza, 12\" authentic chicago style pizza, 12\" loaded crust medium pizza, or 14\" loaded crust pizza.",
        "basePrice": 17.99
      },
      {
        "apiKey": "11091446",
        "name": "The Tower Pizza - 14\" Loaded Crust Pizza",
        "description": "Pepperoni, mushrooms, sausage, green peppers, onions, ham, bacon, mild banana peppers, and green and black olives. Choice of 6\" flash pan pizza, 9\" small pizza, 12\" medium pizza, 14\" large pizza, 16\" extra large pizza, 16\" square pizza, 12\" authentic chicago style pizza, 12\" loaded crust medium pizza, or 14\" loaded crust pizza.",
        "basePrice": 21.99
      }
    ]
  },
  {
    "apiKey": "51c47b6bde7dfbebfdb3aba31c19a8a70786e26a3f59109be41ee9406039e889",
    "name": "Great Additions",
    "items": [
      {
        "apiKey": "11091454",
        "name": "ParmPOPs",
        "description": "Baked to a golden brown in a sizzling garlic butter. Sprinkled with toasted Parmesan and served with marinara sauce or pizza sauce.",
        "basePrice": 4.49
      },
      {
        "apiKey": "11091456",
        "name": "Pizza Foldover",
        "description": "Signature dough packed with tasty toppings and mozzarella cheese, topped with garlic butter and Parmesan, served with pizza sauce.",
        "basePrice": 7.49
      },
      {
        "apiKey": "11091458",
        "name": "Breadsticks",
        "description": "6 sticks with pizza or marinara sauce.",
        "basePrice": 4.49
      },
      {
        "apiKey": "11091459",
        "name": "Garlic Cheese Bread",
        "basePrice": 4.49
      },
      {
        "apiKey": "11091462",
        "name": "Garlic Pizza Bread",
        "description": "An open sub bun with garlic butter, pizza sauce, our cheese blend and 1 topping.",
        "basePrice": 5.49
      },
      {
        "apiKey": "11091464",
        "name": "Cheesy Sticks",
        "description": "Cheese mozzarella sticks.",
        "basePrice": 5.99
      },
      {
        "apiKey": "11091468",
        "name": "Loaded Nachos - Fiesta for 2",
        "description": "Layers of tortilla chips, taco meat, sour cream, nacho cheese, lettuce, tomatoes, black olives, onions and jalapeno peppers. Served with side of salsa. Choice of fiesta for 2 or fiesta for 4.",
        "basePrice": 6.99
      },
      {
        "apiKey": "11091469",
        "name": "Loaded Nachos - Fiesta for 4",
        "description": "Layers of tortilla chips, taco meat, sour cream, nacho cheese, lettuce, tomatoes, black olives, onions and jalapeno peppers. Served with side of salsa. Choice of fiesta for 2 or fiesta for 4.",
        "basePrice": 10.99
      },
      {
        "apiKey": "11091473",
        "name": "Chips and Salsa",
        "basePrice": 3.99
      },
      {
        "apiKey": "11091476",
        "name": "Chips and Cheese",
        "basePrice": 3.99
      },
      {
        "apiKey": "11091480",
        "name": "Dipping Sauce",
        "basePrice": 0.75
      },
      {
        "apiKey": "11091481",
        "name": "French Fries",
        "basePrice": 2.99
      },
      {
        "apiKey": "11091483",
        "name": "Chicago Cheese Fries",
        "description": "Served with ranch dressing.",
        "basePrice": 4.99
      },
      {
        "apiKey": "11091485",
        "name": "Spaghetti Pasta",
        "description": "Single serving with 2 breadsticks.",
        "basePrice": 6.49
      }
    ]
  },
  {
    "apiKey": "51c47b6bde7dfbebfdb3aba31c19a8a7f9b53b2b206f4c83e41ee9406039e889",
    "name": "Desserts",
    "items": [
      {
        "apiKey": "11091488",
        "name": "Dessert Pizza - Small",
        "description": "Choice of small, medium, or large.",
        "basePrice": 9.99
      },
      {
        "apiKey": "11091491",
        "name": "Dessert Pizza - Medium",
        "description": "Choice of small, medium, or large.",
        "basePrice": 11.99
      },
      {
        "apiKey": "11091494",
        "name": "Dessert Pizza - Large",
        "description": "Choice of small, medium, or large.",
        "basePrice": 13.99
      },
      {
        "apiKey": "11091495",
        "name": "CinnaPOPs",
        "basePrice": 4.49
      },
      {
        "apiKey": "11091496",
        "name": "ApplePOPs",
        "basePrice": 5.49
      },
      {
        "apiKey": "11091497",
        "name": "Apple Foldover",
        "basePrice": 7.49
      }
    ]
  },
  {
    "apiKey": "51c47b6bde7dfbebfdb3aba31c19a8a74310c41df899913de41ee9406039e889",
    "name": "Beverages",
    "items": [
      {
        "apiKey": "11091502",
        "name": "20 oz. Bottled Soda",
        "description": "Available flavors: Pepsi, diet pepsi, dr. pepper, mountain dew & sierra mist.",
        "basePrice": 1.6
      },
      {
        "apiKey": "11091504",
        "name": "2 Liter Soda",
        "description": "Available flavors: Pepsi, diet pepsi, dr. pepper, mountain dew & sierra mist.",
        "basePrice": 2.6
      }
    ]
  }
]
